City_ID,City,Country,Lat,Lng,Max Temp,Humidity,Cloudiness,Wind Speed,Current Description
0,Hofn,IS,64.2539,-15.2082,44.78,86,11,0.45,few clouds
1,Punta Arenas,CL,-53.15,-70.9167,46.51,71,75,6.91,broken clouds
2,Bulawayo,ZW,-20.15,28.5833,59.56,89,78,5.08,broken clouds
3,Padang,ID,-0.9492,100.3543,75.25,85,100,3.83,overcast clouds
4,Port Alfred,ZA,-33.5906,26.891,58.17,95,100,1.01,moderate rain
5,Hamilton,US,39.1834,-84.5333,76.42,51,40,6.91,scattered clouds
6,Rikitea,PF,-23.1203,-134.9692,71.29,88,100,7.81,moderate rain
7,Albany,US,42.6001,-73.9662,55.81,48,10,8.88,clear sky
8,Tuktoyaktuk,CA,69.4541,-133.0374,19.4,73,20,13.8,few clouds
9,Butaritari,KI,3.0707,172.7902,82.09,74,20,19.39,few clouds
10,Saskylakh,RU,71.9167,114.0833,-1.55,99,99,4.68,overcast clouds
11,Bredasdorp,ZA,-34.5322,20.0403,56.89,61,81,6.76,broken clouds
12,Lapuyan,PH,7.6379,123.1944,79.09,86,52,2.71,broken clouds
13,Ailigandi,PA,9.2333,-78.0167,80.65,75,19,1.54,few clouds
14,Yumen,CN,40.2833,97.2,50.49,15,95,2.39,overcast clouds
15,Cape Town,ZA,-33.9258,18.4232,59.41,72,20,20.71,few clouds
16,Faanui,PF,-16.4833,-151.75,79.68,73,88,8.21,light rain
17,Nouadhibou,MR,20.931,-17.0347,64.38,72,0,17.27,clear sky
18,Ushuaia,AR,-54.8,-68.3,44.26,61,40,4.61,scattered clouds
19,Busselton,AU,-33.65,115.3333,55.8,78,0,11.54,clear sky
20,Castro,BR,-24.7911,-50.0119,60.01,93,8,4.41,clear sky
21,Tezu,IN,27.9167,96.1667,69.01,96,100,2.28,overcast clouds
22,Pevek,RU,69.7008,170.3133,11.86,93,87,5.5,overcast clouds
23,Brasileia,BR,-11.0161,-68.7481,76.53,87,83,2.59,broken clouds
24,Talnakh,RU,69.4865,88.3972,4.21,90,100,1.19,overcast clouds
25,Rapid Valley,US,44.0625,-103.1463,68.2,60,100,15.01,overcast clouds
26,Dikson,RU,73.5069,80.5464,-8.25,100,100,6.17,overcast clouds
27,Mataura,NZ,-46.1927,168.8643,57.47,75,14,5.82,few clouds
28,Taywarah,AF,33.35,64.4167,48.11,36,82,0.78,broken clouds
29,Gornopravdinsk,RU,60.05,69.9,9.77,96,35,5.59,scattered clouds
30,Paragominas,BR,-2.9667,-47.4833,73.15,98,93,3.02,overcast clouds
31,Sao Filipe,CV,14.8961,-24.4956,73.29,78,1,5.39,clear sky
32,Klaksvik,FO,62.2266,-6.589,41.92,81,89,19.01,overcast clouds
33,Puerto Ayora,EC,-0.7393,-90.3518,74.3,86,48,8.93,scattered clouds
34,Ust-Koksa,RU,50.2696,85.6108,27.19,83,21,2.62,few clouds
35,Upernavik,GL,72.7868,-56.1549,4.51,95,70,2.48,broken clouds
36,Severo-Kurilsk,RU,50.6789,156.125,38.82,100,100,6.4,light rain
37,Hilo,US,19.7297,-155.09,87.28,77,100,9.22,overcast clouds
38,Turan,VN,16.0678,108.2208,76.98,88,20,3.44,few clouds
39,Tilichiki,RU,60.4667,166.1,24.93,85,100,3.89,overcast clouds
40,Liverpool,GB,53.4106,-2.9779,47.28,77,0,13.8,clear sky
41,Kuusamo,FI,65.9667,29.1833,35.64,80,0,8.05,clear sky
42,Quatre Cocos,MU,-20.2078,57.7625,76.08,68,97,18.59,overcast clouds
43,Saldanha,ZA,-33.0117,17.9442,58.19,74,0,18.54,clear sky
44,Catia La Mar,VE,10.6038,-67.0303,77.43,88,67,5.01,broken clouds
45,Yar-Sale,RU,66.8333,70.8333,-2.65,98,83,7.54,broken clouds
46,Tiksi,RU,71.6872,128.8694,13.14,94,100,7.85,overcast clouds
47,Vao,NC,-22.6667,167.4833,75.07,63,69,13.47,broken clouds
48,Qaanaaq,GL,77.484,-69.3632,5.5,90,100,4.0,overcast clouds
49,Port Shepstone,ZA,-30.7414,30.455,70.32,86,100,15.95,light rain
50,Shihezi,CN,44.3,86.0333,56.89,45,9,5.66,clear sky
51,Hami,CN,42.8,93.45,62.91,19,92,9.71,overcast clouds
52,Saint-Philippe,RE,-21.3585,55.7679,76.59,83,88,16.82,light rain
53,Kipini,KE,-2.5257,40.5262,80.64,78,77,8.81,broken clouds
54,Barrow,US,71.2906,-156.7887,10.42,92,100,5.75,fog
55,Nhulunbuy,AU,-12.2333,136.7667,81.21,94,100,6.91,overcast clouds
56,Srednekolymsk,RU,67.45,153.6833,19.06,89,98,7.92,overcast clouds
57,Mount Gambier,AU,-37.8333,140.7667,53.53,70,0,8.1,clear sky
58,Dafeng,CN,23.4517,108.5881,71.35,96,41,1.3,scattered clouds
59,Khatanga,RU,71.9667,102.5,-0.8,96,81,6.91,broken clouds
60,Avarua,CK,-21.2078,-159.775,80.65,74,40,17.27,scattered clouds
61,Richards Bay,ZA,-28.783,32.0377,68.31,92,74,4.12,broken clouds
62,Nalut,LY,30.3333,10.85,63.46,22,0,8.9,clear sky
63,Santiago,CL,-33.4569,-70.6483,70.99,50,0,9.22,clear sky
64,Yellowknife,CA,62.456,-114.3525,43.32,28,75,8.05,broken clouds
65,Hermanus,ZA,-34.4187,19.2345,53.8,67,35,10.94,scattered clouds
66,Gizo,SB,-8.103,156.8419,81.7,77,99,10.2,overcast clouds
67,Eyl,SO,7.9803,49.8164,81.39,78,62,6.82,broken clouds
68,Mayor Pablo Lagerenza,PY,-19.9309,-60.7718,90.36,37,2,10.71,clear sky
69,Bambanglipuro,ID,-7.95,110.2833,75.85,87,76,4.27,broken clouds
70,Margate,GB,51.3813,1.3862,52.3,87,100,4.0,overcast clouds
71,Mar Del Plata,AR,-38.0023,-57.5575,53.62,95,75,13.0,broken clouds
72,Makokou,GA,0.5738,12.8642,70.88,97,70,2.15,broken clouds
73,Kaeo,NZ,-35.1,173.7833,65.32,73,31,11.01,scattered clouds
74,Lagoa,PT,39.05,-27.9833,57.27,67,100,15.26,overcast clouds
75,Kodiak,US,57.79,-152.4072,42.31,87,0,8.05,clear sky
76,Kathu,TH,7.9178,98.3332,85.75,75,99,10.36,overcast clouds
77,Bairiki,KI,1.3292,172.9752,86.0,74,20,13.8,few clouds
78,Samarai,PG,-10.6167,150.6667,82.78,76,88,10.49,overcast clouds
79,Chimbote,PE,-9.0853,-78.5783,67.05,87,84,8.1,broken clouds
80,Bang Racham,TH,14.892,100.3173,85.05,80,12,6.67,few clouds
81,Fortuna,US,40.5982,-124.1573,60.85,70,75,12.66,broken clouds
82,Fairbanks,US,64.8378,-147.7164,49.96,33,75,4.61,broken clouds
83,Gien,FR,47.6933,2.6309,53.55,90,99,7.0,overcast clouds
84,Madingou,CG,-4.1536,13.55,74.16,96,93,2.71,moderate rain
85,Vaini,TO,-21.2,-175.2,82.56,69,20,6.91,few clouds
86,Ossora,RU,59.2353,163.0719,26.73,85,95,3.42,overcast clouds
87,Mweka,CD,-4.85,21.5667,72.63,87,80,0.96,broken clouds
88,Khopoli,IN,18.7833,73.3333,84.49,59,84,2.48,light rain
89,Vilyuysk,RU,63.7553,121.6247,20.05,93,99,4.94,overcast clouds
90,Carnarvon,AU,-24.8667,113.6333,64.47,59,0,8.05,clear sky
91,Caravelas,BR,-17.7125,-39.2481,74.5,80,14,5.97,few clouds
92,Izhevskoye,RU,54.5567,40.8703,45.72,82,99,1.97,overcast clouds
93,Bubaque,GW,11.2833,-15.8333,76.86,80,80,15.86,broken clouds
94,Fort Nelson,CA,58.8053,-122.7002,38.5,91,100,0.34,overcast clouds
95,Provideniya,RU,64.3833,-173.3,33.01,65,20,1.41,few clouds
96,Chokurdakh,RU,70.6333,147.9167,9.77,93,100,6.38,overcast clouds
97,Sitka,US,57.0531,-135.33,51.69,50,100,13.8,overcast clouds
98,Atasu,KZ,48.6814,71.6433,47.05,60,100,8.14,overcast clouds
99,Lebu,CL,-37.6167,-73.65,54.9,90,79,8.63,broken clouds
100,Chuy,UY,-33.6971,-53.4616,54.72,95,100,6.02,moderate rain
101,Udachnyy,RU,66.4167,112.4,12.45,72,100,4.03,overcast clouds
102,Statesboro,US,32.4488,-81.7832,78.6,44,0,9.22,clear sky
103,Diffa,NE,13.3154,12.6113,88.5,12,43,4.63,scattered clouds
104,Pakxan,LA,18.3778,103.6601,73.8,86,27,3.22,scattered clouds
105,Jamestown,US,42.097,-79.2353,52.02,52,0,6.91,clear sky
106,Westport,US,41.1415,-73.3579,66.18,36,0,11.5,clear sky
107,Clyde River,CA,70.4692,-68.5914,-1.97,78,0,5.75,clear sky
108,Iqaluit,CA,63.7506,-68.5145,11.93,72,40,10.36,scattered clouds
109,Beloha,MG,-25.1667,45.05,73.81,76,97,10.74,overcast clouds
110,Pangnirtung,CA,66.1451,-65.7125,8.64,91,86,2.17,overcast clouds
111,Mitsamiouli,KM,-11.3847,43.2844,79.39,82,100,12.86,light rain
112,Olafsvik,IS,64.8945,-23.7142,45.3,86,95,8.08,overcast clouds
113,Cherskiy,RU,68.75,161.3,23.23,89,99,7.45,overcast clouds
114,Hobart,AU,-42.8794,147.3294,57.25,70,20,12.66,few clouds
115,Tasiilaq,GL,65.6145,-37.6368,32.16,92,100,4.34,overcast clouds
116,East London,ZA,-33.0153,27.9116,63.91,91,99,10.71,moderate rain
117,Nioro,GM,13.35,-15.75,81.61,47,34,10.74,scattered clouds
118,Ponta Do Sol,PT,32.6667,-17.1,63.23,68,92,12.62,overcast clouds
119,Ocho Rios,JM,18.4025,-77.1048,77.81,81,59,8.59,broken clouds
120,Airai,TL,-8.9266,125.4092,63.23,74,71,2.64,broken clouds
121,Nikolskoye,RU,59.7035,30.7861,43.81,79,90,4.16,overcast clouds
122,Bousso,TD,10.4795,16.7117,90.46,36,60,3.47,broken clouds
123,Aanekoski,FI,62.6946,25.818,41.07,93,50,6.91,scattered clouds
124,Bluff,NZ,-46.6,168.3333,57.79,71,72,28.01,broken clouds
125,Ilulissat,GL,69.2167,-51.1,24.82,80,75,5.75,broken clouds
126,Marawi,PH,7.9986,124.2928,71.29,88,67,1.23,broken clouds
127,Ugoofaaru,MV,5.6667,73.0,83.07,72,100,1.59,overcast clouds
128,Atuona,PF,-9.8,-139.0333,79.07,75,35,12.3,scattered clouds
129,Kahului,US,20.8947,-156.47,84.22,70,75,23.02,broken clouds
130,Havelock,US,34.8791,-76.9013,71.98,70,88,3.0,overcast clouds
131,Esperance,AU,-33.8667,121.9,57.74,84,3,6.82,clear sky
132,Ketchikan,US,55.3422,-131.6461,52.27,62,40,19.57,scattered clouds
133,Katsuura,JP,35.1333,140.3,67.21,79,90,10.69,overcast clouds
134,Akoupe,CI,6.39,-3.9003,75.65,89,46,3.47,scattered clouds
135,New Norfolk,AU,-42.7826,147.0587,56.91,69,10,3.15,clear sky
136,North Bend,US,43.4065,-124.2243,63.25,75,0,10.36,clear sky
137,Broome,US,42.2506,-75.833,53.01,47,0,10.36,clear sky
138,Alice Springs,AU,-23.7,133.8833,58.55,55,93,0.0,overcast clouds
139,Katobu,ID,-4.9408,122.5276,77.47,88,85,0.78,overcast clouds
140,Tanggu,CN,39.0211,117.6469,57.16,51,0,10.25,clear sky
141,San Patricio,US,28.017,-97.5169,82.18,67,3,21.79,clear sky
142,Pesochnoye,RU,58.006,39.1772,45.66,69,78,3.2,broken clouds
143,Cidreira,BR,-30.1811,-50.2056,71.37,80,100,15.3,moderate rain
144,Kapaa,US,22.0752,-159.319,82.38,84,75,14.97,broken clouds
145,Lesnoy,RU,57.6198,63.0784,26.2,71,11,2.68,few clouds
146,Sechenovo,RU,55.2244,45.8906,35.78,76,12,3.78,few clouds
147,Demba,CD,-5.51,22.2667,71.31,85,63,1.36,broken clouds
148,Isangel,VU,-19.55,169.2667,80.92,62,80,11.03,broken clouds
149,Staraya Kulatka,RU,52.7167,47.6167,43.0,67,100,11.01,overcast clouds
150,Bengkulu,ID,-3.8004,102.2655,76.39,89,100,6.46,overcast clouds
151,Touros,BR,-5.1989,-35.4608,79.99,80,97,11.14,very heavy rain
152,Patur,IN,20.45,76.9333,89.13,29,86,5.73,overcast clouds
153,Topeka,US,39.0483,-95.678,79.18,62,100,25.32,overcast clouds
154,Kjopsvik,NO,68.097,16.3742,39.16,91,97,3.47,overcast clouds
155,Jishou,CN,28.3167,109.7167,68.9,92,97,1.45,overcast clouds
156,Petrivka,UA,46.9695,30.9591,47.52,86,80,14.2,broken clouds
157,Tautira,PF,-17.7333,-149.15,79.18,75,82,16.13,light rain
158,Mariestad,SE,58.7097,13.8237,45.37,63,6,7.7,clear sky
159,Bintulu,MY,3.1667,113.0333,79.21,94,20,2.3,thunderstorm
160,Hasaki,JP,35.7333,140.8333,66.29,81,100,4.05,overcast clouds
161,Oltu,TR,40.5498,42.0013,45.32,69,34,0.63,scattered clouds
162,Manokwari,ID,-0.8667,134.0833,79.43,79,98,2.3,heavy intensity rain
163,Namwala,ZM,-15.7504,26.4384,64.13,92,97,3.98,overcast clouds
164,Xam Nua,LA,20.4197,104.0439,63.63,89,1,2.48,clear sky
165,Kikwit,CD,-5.041,18.8162,71.82,97,100,2.33,light rain
166,Takoradi,GH,4.8845,-1.7554,80.76,86,22,10.11,few clouds
167,Bure,ET,10.7,37.0667,60.98,78,100,4.56,light rain
168,Tomatlan,MX,19.9333,-105.25,86.13,38,5,10.65,clear sky
169,Berlevag,NO,70.8578,29.0864,35.4,85,99,14.43,overcast clouds
170,Shingu,JP,33.7333,135.9833,67.75,65,100,4.85,overcast clouds
171,Road Town,VG,18.4167,-64.6167,78.89,69,40,8.05,scattered clouds
172,Kashin,RU,57.3592,37.6081,45.93,85,97,4.52,overcast clouds
173,Victoria,HK,22.2855,114.1577,78.96,89,10,5.01,clear sky
174,Coihaique,CL,-45.5752,-72.0662,44.55,93,100,5.75,moderate rain
175,Barra Do Garcas,BR,-15.89,-52.2567,74.5,59,39,2.33,scattered clouds
176,Sechura,PE,-5.5569,-80.8222,74.52,67,25,18.92,scattered clouds
177,Rosarito,MX,32.3333,-117.0333,65.25,62,75,18.66,broken clouds
178,Husavik,IS,66.0449,-17.3389,42.93,80,43,3.69,scattered clouds
179,Adrar,MR,20.5022,-10.0711,75.27,17,78,11.32,broken clouds
180,Den Helder,NL,52.9599,4.7593,55.38,77,100,17.27,overcast clouds
181,Sola,VU,-13.8833,167.55,81.21,75,100,12.33,overcast clouds
182,Shimoda,JP,34.6667,138.95,66.56,72,91,17.98,overcast clouds
183,Kudahuvadhoo,MV,2.6708,72.8944,82.78,75,100,10.71,overcast clouds
184,Aljezur,PT,37.3191,-8.8033,52.97,75,86,22.01,overcast clouds
185,Pokhara,NP,28.2333,83.9833,66.78,50,0,7.52,clear sky
186,Bambous Virieux,MU,-20.3428,57.7575,76.21,69,40,12.66,scattered clouds
187,Aklavik,CA,68.2191,-135.0107,24.76,85,100,19.19,overcast clouds
188,Medea,DZ,36.2642,2.7539,51.55,47,36,3.2,scattered clouds
189,Port Hardy,CA,50.6996,-127.4199,51.98,71,75,2.3,broken clouds
190,Kurilsk,RU,45.2333,147.8833,46.09,83,68,9.37,light rain
191,Souillac,MU,-20.5167,57.5167,75.58,69,40,12.66,scattered clouds
192,Thompson,CA,55.7435,-97.8558,40.41,69,94,6.49,overcast clouds
193,Shenzhen,CN,22.5455,114.0683,78.85,92,17,3.71,few clouds
194,Boa Vista,BR,2.8197,-60.6733,82.38,65,20,2.3,few clouds
195,Oytal,KZ,42.9057,73.2697,59.04,56,35,4.09,scattered clouds
196,Havoysund,NO,70.9963,24.6622,34.03,76,100,15.21,overcast clouds
197,Havre-Saint-Pierre,CA,50.2334,-63.5986,35.96,87,20,8.05,few clouds
198,Sisimiut,GL,66.9395,-53.6735,26.4,89,100,6.38,overcast clouds
199,Emerald,AU,-23.5333,148.1667,68.34,80,78,17.72,broken clouds
200,Bac Lieu,VN,9.285,105.7244,82.24,77,50,9.35,scattered clouds
201,Dunedin,NZ,-45.8742,170.5036,59.81,49,75,3.0,broken clouds
202,Constitucion,CL,-35.3333,-72.4167,56.44,94,90,1.54,overcast clouds
203,Georgetown,MY,5.4112,100.3354,82.33,93,20,0.0,few clouds
204,Hobyo,SO,5.3505,48.5268,82.85,75,86,12.03,overcast clouds
205,Sabang,ID,5.8933,95.3214,83.68,75,88,7.43,overcast clouds
206,Cayenne,GF,4.9333,-52.3333,77.09,1,100,3.44,overcast clouds
207,Las Palmas,ES,28.4204,-14.0131,61.59,63,0,5.75,clear sky
208,Bahia De Caraquez,EC,-0.6,-80.4167,80.78,85,89,7.85,overcast clouds
209,Edgewater,US,28.9889,-80.9023,75.34,60,0,17.27,clear sky
210,Demyansk,RU,57.643,32.466,41.43,87,15,4.07,few clouds
211,Kamenka,RU,51.3223,42.7678,43.14,94,85,7.2,overcast clouds
212,Maragogi,BR,-9.0122,-35.2225,78.21,84,10,6.78,clear sky
213,Bentiu,SS,9.2333,29.8333,85.1,48,98,4.99,overcast clouds
214,Ouargaye,BF,11.5033,0.0572,94.1,30,12,6.98,few clouds
215,Nago,JP,26.5881,127.9761,77.45,89,100,10.36,overcast clouds
216,Santo Amaro Da Imperatriz,BR,-27.6881,-48.7786,76.8,81,100,3.98,moderate rain
217,Narsaq,GL,60.9167,-46.05,44.82,92,100,3.76,overcast clouds
218,Alofi,NU,-19.0595,-169.9187,84.09,79,4,10.36,clear sky
219,Guerrero Negro,MX,27.9769,-114.0611,66.51,61,26,25.21,scattered clouds
220,Praia Da Vitoria,PT,38.7333,-27.0667,57.45,82,75,10.16,broken clouds
221,Port Lincoln,AU,-34.7333,135.8667,60.17,67,100,15.01,overcast clouds
222,Peniche,PT,39.3558,-9.3811,51.12,82,100,20.65,overcast clouds
223,Klyuchi,RU,52.2667,79.1667,30.6,50,1,3.85,clear sky
224,Chicama,PE,-7.8447,-79.1469,61.34,76,85,7.4,overcast clouds
225,North Platte,US,41.1239,-100.7654,91.29,26,100,34.0,overcast clouds
226,Beian,NO,63.6559,9.5683,42.01,81,0,1.14,clear sky
227,Maxixe,MZ,-23.8597,35.3472,70.84,80,100,4.41,overcast clouds
228,Chapais,CA,49.7834,-74.8492,29.98,73,94,10.02,overcast clouds
229,Ribeira Grande,PT,38.5167,-28.7,58.48,66,95,13.29,overcast clouds
230,Santa Cruz De Tenerife,ES,28.4682,-16.2546,63.72,82,0,13.8,clear sky
231,Skibbereen,IE,51.55,-9.2667,56.1,65,100,18.95,overcast clouds
232,Chiredzi,ZW,-21.05,31.6667,64.62,90,13,2.75,few clouds
233,Kropotkin,RU,45.4375,40.5756,41.94,82,14,2.46,few clouds
234,Pincher Creek,CA,49.4833,-113.952,46.56,62,100,16.11,overcast clouds
235,Laguna,US,38.421,-121.4238,70.05,40,20,3.44,few clouds
236,Solnechnyy,RU,50.7214,136.6319,31.19,82,98,7.18,overcast clouds
237,Bonthe,SL,7.5264,-12.505,80.37,83,99,5.88,overcast clouds
238,San Pedro,PH,14.35,121.0167,84.25,68,20,5.75,few clouds
239,Tholos,GR,40.9999,23.7823,53.67,87,7,2.53,clear sky
240,Nguru,NG,12.8791,10.4526,89.55,13,100,3.8,overcast clouds
241,Vagur,FO,61.4732,-6.8119,43.5,80,53,24.63,broken clouds
242,Erdenet,MN,49.0333,104.0833,36.28,36,71,9.08,broken clouds
243,La Gomera,GT,14.0833,-91.05,85.71,58,99,13.24,overcast clouds
244,Arraial Do Cabo,BR,-22.9661,-42.0278,75.81,82,0,8.93,clear sky
245,Codrington,AU,-38.2667,141.9667,54.21,71,4,6.64,clear sky
246,Ostrovnoy,RU,68.0531,39.5131,29.01,89,100,12.44,overcast clouds
247,Surt,LY,31.2089,16.5887,63.73,70,0,13.38,clear sky
248,Flin Flon,CA,54.7682,-101.865,40.84,42,100,5.75,overcast clouds
249,Waitati,NZ,-45.75,170.5667,59.81,49,93,1.16,overcast clouds
250,Ixtapa,MX,20.7,-105.2,78.03,73,0,12.66,clear sky
251,Sakakah,SA,29.9697,40.2064,74.77,14,70,15.7,broken clouds
252,Tuatapere,NZ,-46.1333,167.6833,54.7,72,16,6.33,few clouds
253,Bida,NG,9.0833,6.0167,84.94,60,77,10.02,broken clouds
254,Coahuayana,MX,18.7333,-103.6833,85.98,45,5,7.18,clear sky
255,Kavaratti,IN,10.5669,72.642,83.95,72,99,3.67,overcast clouds
256,Formosa Do Rio Preto,BR,-11.0483,-45.1931,77.63,54,70,3.29,broken clouds
257,Bayir,TR,37.2687,28.2167,48.72,46,52,3.51,broken clouds
258,Mayo,US,38.8876,-76.5119,71.71,42,0,8.05,clear sky
259,Geraldton,AU,-28.7667,114.6,66.61,45,0,19.57,clear sky
260,Rolla,US,37.9514,-91.7713,80.85,43,0,20.71,clear sky
261,Chabahar,IR,25.2919,60.643,78.82,81,6,1.61,clear sky
262,San Ramon,US,37.7799,-121.978,66.49,58,40,14.97,scattered clouds
263,Taoudenni,ML,22.6783,-3.9836,80.49,8,74,9.75,broken clouds
264,Beyneu,KZ,45.3167,55.2,60.73,56,74,12.44,broken clouds
265,Chuncheng,CN,22.1731,111.7886,74.57,94,52,1.92,broken clouds
266,Quang Ngai,VN,15.1167,108.8,75.6,90,33,2.8,scattered clouds
267,Buncrana,IE,55.1333,-7.45,46.81,75,10,11.3,clear sky
268,Svetlyy,RU,54.675,20.1347,39.96,76,30,6.98,scattered clouds
269,Inhambane,MZ,-23.865,35.3833,71.87,79,100,4.83,overcast clouds
270,Noshiro,JP,40.2039,140.0242,54.43,71,100,10.76,overcast clouds
271,Hirara,JP,24.8,125.2833,75.47,94,75,13.8,broken clouds
272,Moroni,KM,-11.7022,43.2551,78.37,87,100,14.88,moderate rain
273,Santa Isabel Do Rio Negro,BR,-0.4139,-65.0192,75.34,97,93,0.38,overcast clouds
274,Man,CI,7.4125,-7.5538,72.72,90,58,2.37,light rain
275,Magadan,RU,59.5667,150.8,24.53,79,29,5.55,scattered clouds
276,Peleduy,RU,59.6289,112.7406,25.09,88,100,1.1,overcast clouds
277,Cairns,AU,-16.9167,145.7667,77.07,94,75,12.66,light rain
278,Rio Cuarto,AR,-33.1307,-64.3499,55.17,76,0,0.0,clear sky
279,Selaphum,TH,16.0299,103.9383,84.99,74,23,5.75,few clouds
280,Uralets,RU,57.6614,59.6497,23.07,84,36,2.53,scattered clouds
281,Luderitz,NA,-26.6481,15.1594,59.72,78,0,16.8,clear sky
282,Narasannapeta,IN,18.4167,84.05,79.41,87,3,8.1,clear sky
283,Lavrentiya,RU,65.5833,-171.0,31.12,78,9,3.2,clear sky
284,Maraa,BR,-1.8333,-65.3667,75.67,94,52,1.39,moderate rain
285,Black River,JM,18.0264,-77.8487,78.69,79,53,1.54,broken clouds
286,Vila Velha,BR,-20.3297,-40.2925,80.55,75,0,11.5,clear sky
287,Santa Maria,BR,-29.6842,-53.8069,65.5,88,100,12.66,thunderstorm with light rain
288,Kaitangata,NZ,-46.2817,169.8464,54.7,62,56,10.31,broken clouds
289,Shelburne,CA,44.0787,-80.2041,51.76,61,94,5.37,overcast clouds
290,Port Elizabeth,ZA,-33.918,25.5701,60.1,92,75,16.11,light rain
291,Manaure,CO,11.7751,-72.4445,79.56,77,98,9.24,overcast clouds
292,Marandahalli,IN,12.4,78.0,75.09,84,98,2.82,overcast clouds
293,Luena,AO,-11.7833,19.9167,58.23,80,80,2.68,broken clouds
294,Pisco,PE,-13.7,-76.2167,65.01,88,0,16.11,clear sky
295,Robertsport,LR,6.7533,-11.3686,80.69,85,98,3.24,light rain
296,Whitehorse,CA,60.7161,-135.0538,47.01,38,75,12.66,broken clouds
297,Calvinia,ZA,-31.4707,19.776,59.02,67,88,8.14,overcast clouds
298,Tulsipur,NP,28.131,82.2973,71.15,29,1,6.55,clear sky
299,Lisakovsk,KZ,52.5369,62.4936,36.25,43,7,6.87,clear sky
300,Oum Hadjer,TD,13.2954,19.6966,92.48,24,83,4.85,broken clouds
301,Waipawa,NZ,-41.4122,175.5153,55.06,57,15,8.25,few clouds
302,The Valley,AI,18.217,-63.0578,78.94,69,20,10.36,few clouds
303,Piste,MX,20.7,-88.5833,82.35,53,50,4.85,scattered clouds
304,Kruisfontein,ZA,-34.0033,24.7314,57.88,83,100,4.94,overcast clouds
305,Povenets,RU,62.8487,34.8262,30.36,97,68,5.44,broken clouds
306,Tabuk,PH,17.4189,121.4443,76.24,85,7,4.5,clear sky
307,Andenes,NO,69.3143,16.1194,37.38,81,40,4.61,scattered clouds
308,La Ronge,CA,55.1001,-105.2842,44.85,45,40,9.22,scattered clouds
309,Tommot,RU,58.9564,126.2925,27.36,81,81,1.34,broken clouds
310,Stepnogorsk,KZ,52.3544,71.8869,30.97,51,0,2.3,clear sky
311,Tiznit,MA,29.5833,-9.5,55.65,73,56,8.84,broken clouds
312,Usinsk,RU,65.9939,57.5281,6.13,92,9,9.44,clear sky
313,Broken Hill,AU,-31.95,141.4333,55.11,76,61,8.05,broken clouds
314,Diamantino,BR,-14.4086,-56.4461,76.96,73,65,4.76,broken clouds
315,Bronnoysund,NO,65.4625,12.1997,41.0,81,100,5.99,overcast clouds
316,Itoman,JP,26.1247,127.6694,77.4,94,75,13.8,broken clouds
317,Mbini,GQ,1.574,9.6134,79.93,84,91,5.66,overcast clouds
318,Sibolga,ID,1.7427,98.7792,77.63,85,100,3.44,light rain
319,Great Falls,US,47.5002,-111.3008,41.59,87,100,3.44,overcast clouds
320,Hambantota,LK,6.1241,81.1185,79.7,81,94,7.18,overcast clouds
321,Najran,SA,17.4924,44.1277,74.05,22,41,3.02,scattered clouds
322,Bagdarin,RU,54.4333,113.6,27.28,38,98,1.83,overcast clouds
323,Huarmey,PE,-10.0681,-78.1522,67.6,87,67,7.56,broken clouds
324,Mashhad,IR,36.297,59.6062,60.94,94,20,4.61,few clouds
325,Nuuk,GL,64.1835,-51.7216,34.41,93,75,6.91,broken clouds
326,Yerbogachen,RU,61.2767,108.0108,22.55,78,58,5.88,broken clouds
327,Annau,TM,37.8876,58.516,63.9,68,75,6.91,broken clouds
328,Salaga,GH,8.5508,-0.5188,83.77,57,56,8.12,broken clouds
329,Vostok,RU,46.4856,135.8833,33.66,95,100,5.48,overcast clouds
330,Dagua,CO,3.6569,-76.6886,70.3,99,88,2.91,light rain
331,Iberia,US,29.9502,-91.7507,81.05,57,75,16.11,broken clouds
332,Hailey,US,43.5196,-114.3153,49.8,55,0,32.01,clear sky
333,Henties Bay,NA,-22.116,14.2845,61.45,88,2,7.05,clear sky
334,Pathein,MM,16.7833,94.7333,79.88,73,31,5.1,scattered clouds
335,Pilar,BR,-9.5972,-35.9567,78.73,88,21,4.27,few clouds
336,Akyab,MM,20.15,92.9,80.73,80,7,4.12,clear sky
337,Tiarei,PF,-17.5333,-149.3333,84.22,78,78,18.39,light rain
338,San Jose,US,37.3394,-121.895,65.48,56,40,16.11,scattered clouds
339,Muros,ES,42.7762,-9.0603,51.15,91,100,3.67,overcast clouds
340,Nome,US,64.5011,-165.4064,42.87,50,0,5.75,clear sky
341,Panacan,PH,9.2463,118.4082,83.52,74,3,8.01,clear sky
342,Daru,PG,-9.0763,143.2092,80.02,84,100,6.91,moderate rain
343,Hay River,CA,60.8156,-115.7999,39.18,35,40,8.05,scattered clouds
344,Naantali,FI,60.4674,22.0243,45.01,65,0,5.75,clear sky
345,Pitimbu,BR,-7.4706,-34.8086,79.39,81,87,9.62,overcast clouds
346,Tongren,CN,27.7172,109.1853,70.11,92,92,2.3,light rain
347,Vardo,NO,70.3705,31.1107,35.06,96,97,18.14,light snow
348,Norman Wells,CA,65.282,-126.8329,32.04,43,0,14.97,clear sky
349,Osakarovka,KZ,50.565,72.5692,30.54,57,17,7.09,few clouds
350,Pinyug,RU,60.251,47.7842,37.89,80,100,6.38,overcast clouds
351,Rocha,UY,-34.4833,-54.3333,53.33,90,100,8.5,moderate rain
352,Sibu,MY,2.3,111.8167,75.51,94,40,3.44,scattered clouds
353,Port Blair,IN,11.6667,92.75,80.64,94,20,2.3,mist
354,Raudeberg,NO,61.9875,5.1352,50.67,81,68,12.12,broken clouds
355,Masasi,TZ,-10.7167,38.8,68.34,95,97,0.78,overcast clouds
356,Kavieng,PG,-2.5744,150.7967,83.46,77,93,10.87,light rain
357,Mecca,SA,21.4267,39.8261,80.44,66,4,0.98,clear sky
358,Cape Canaveral,US,28.4058,-80.6048,76.06,68,40,16.11,scattered clouds
359,Ashqelon,IL,31.6693,34.5715,64.8,88,95,5.32,overcast clouds
360,Longyearbyen,SJ,78.2186,15.6401,21.04,73,75,4.61,light snow
361,Doembang Nangbuat,TH,14.8333,100.1,83.05,77,6,7.58,clear sky
362,Sioux Lookout,CA,50.1001,-91.917,33.87,93,100,8.05,mist
363,Sao Joao Da Barra,BR,-21.6403,-41.0511,76.03,88,0,9.78,clear sky
364,Zyryanovsk,KZ,49.7386,84.2719,34.68,78,75,1.7,broken clouds
365,Baruun-Urt,MN,46.6806,113.2792,46.36,39,98,20.11,overcast clouds
366,Sitrah,BH,26.1547,50.6206,77.0,60,0,3.44,clear sky
367,Ankazoabo,MG,-22.2833,44.5167,72.64,76,100,2.95,overcast clouds
368,Mahebourg,MU,-20.4081,57.7,76.24,69,40,12.66,scattered clouds
369,Clovis,US,36.8252,-119.7029,68.04,43,40,18.41,scattered clouds
370,Zogno,IT,45.7919,9.6562,55.85,87,75,2.3,broken clouds
371,Sorong,ID,-0.8833,131.25,77.58,90,100,7.38,overcast clouds
372,Hithadhoo,MV,-0.6,73.0833,84.36,71,100,10.18,overcast clouds
373,Karimnagar,IN,18.4333,79.15,82.69,56,83,7.78,broken clouds
374,Sinnamary,GF,5.3833,-52.95,75.65,91,100,6.76,overcast clouds
375,Karpathos,GR,35.507,27.2132,58.96,94,0,4.61,clear sky
376,The Pas,CA,53.8251,-101.2541,41.02,60,75,11.5,broken clouds
377,Keuruu,FI,62.2667,24.7,41.18,91,48,7.56,scattered clouds
378,Ardakan,IR,32.31,54.0175,67.14,38,56,3.02,broken clouds
379,Saint George,US,37.1041,-113.5841,56.62,47,40,19.57,light rain
380,Bandarbeyla,SO,9.4942,50.8122,81.28,79,36,5.82,scattered clouds
381,Nueva Loja,EC,0.0847,-76.8828,71.87,97,96,1.68,overcast clouds
382,La Ferte-Bernard,FR,48.1863,0.6536,55.02,80,79,10.49,broken clouds
383,Ouadda,CF,8.0777,22.4007,68.72,89,100,2.1,overcast clouds
384,Mariental,NA,-24.6333,17.9667,66.09,34,2,5.73,clear sky
385,Brownsville,US,25.9018,-97.4975,84.2,72,100,19.57,dust
386,Safakulevo,RU,54.9901,62.5442,30.78,69,4,7.47,clear sky
387,Mahibadhoo,MV,3.7833,72.9667,82.71,75,100,12.57,overcast clouds
388,Kampong Chhnang,KH,12.1667,104.55,81.37,71,15,6.02,few clouds
389,Balkhash,KZ,46.844,74.9804,50.45,61,93,14.94,overcast clouds
390,Nizhniy Kuranakh,RU,58.8353,125.4869,29.68,77,64,2.19,broken clouds
391,Vzmorye,RU,54.6961,20.2361,39.99,77,29,6.82,scattered clouds
392,Paamiut,GL,61.994,-49.6678,32.81,90,96,6.29,overcast clouds
393,Nanortalik,GL,60.1432,-45.2371,34.61,99,100,5.88,light snow
394,Kamaishi,JP,39.2667,141.8833,58.68,71,98,8.19,overcast clouds
395,Gulmarg,IN,34.049,74.3921,36.39,76,65,1.63,broken clouds
396,Marsa Matruh,EG,31.3525,27.2453,57.4,88,0,5.75,clear sky
397,Liberal,US,37.0431,-100.921,82.54,44,0,42.57,clear sky
398,Boddam,GB,57.4667,-1.7833,43.18,87,5,12.53,clear sky
399,Chimore,BO,-16.9833,-65.1333,76.66,84,100,1.36,overcast clouds
400,Donskoye,RU,45.4552,41.9741,44.73,88,3,4.7,clear sky
401,Yulara,AU,-25.2406,130.9889,64.24,45,98,10.36,overcast clouds
402,Acapetahua,MX,15.2833,-92.7,84.49,66,32,4.29,scattered clouds
403,Ayan,RU,56.45,138.1667,28.29,87,100,1.99,overcast clouds
404,Guanare,VE,9.0418,-69.7421,71.62,100,84,4.61,broken clouds
405,Timberlake,US,37.3207,-79.2575,78.76,34,0,5.75,clear sky
406,Kindersley,CA,51.4668,-109.1682,37.42,75,100,12.66,overcast clouds
407,Sobral,BR,-3.6861,-40.3497,73.98,96,93,2.35,heavy intensity rain
408,Portland,US,45.5234,-122.6762,62.58,66,75,11.5,broken clouds
409,Coquimbo,CL,-29.9533,-71.3436,56.93,100,20,5.75,few clouds
410,Vysokogornyy,RU,50.1167,139.15,30.61,84,100,7.9,overcast clouds
411,Arlit,NE,18.7369,7.3853,85.37,11,5,6.42,clear sky
412,Lodwar,KE,3.1191,35.5973,83.62,56,89,13.22,light rain
413,Xining,CN,36.6167,101.7667,50.11,54,88,2.33,overcast clouds
414,Sawakin,SD,19.1059,37.3321,81.28,76,53,6.22,broken clouds
415,Deputatskiy,RU,69.3,139.9,9.66,90,97,1.99,overcast clouds
416,Ebersberg,DE,48.0771,11.9706,47.55,88,99,6.38,overcast clouds
417,Kyabram,AU,-36.3167,145.05,59.88,58,97,7.02,overcast clouds
418,Nivala,FI,63.9167,24.9667,32.36,96,56,3.83,broken clouds
419,Torbay,CA,47.6666,-52.7314,39.97,52,100,8.05,overcast clouds
420,Kincardine,GB,56.0667,-3.7167,47.19,76,8,11.21,clear sky
421,Zajecar,RS,43.9036,22.2641,56.05,94,47,2.33,light rain
422,Naze,JP,28.3667,129.4833,72.52,90,100,10.16,overcast clouds
423,Neiafu,TO,-18.65,-173.9833,84.88,70,40,4.61,scattered clouds
424,Lata,PT,40.1629,-8.3327,50.81,97,100,4.23,light rain
425,Kardla,EE,58.9978,22.7492,40.05,83,63,5.06,broken clouds
426,Mehamn,NO,71.0357,27.8492,36.79,82,96,14.23,light rain
427,Natal,BR,-5.795,-35.2094,77.65,94,75,16.11,moderate rain
428,Baherden,TM,38.4362,57.4316,65.17,69,85,4.94,overcast clouds
429,Northam,GB,51.0333,-4.2167,52.25,71,86,18.66,overcast clouds
430,Hopelchen,MX,19.7667,-89.85,75.52,75,75,1.43,broken clouds
431,Ngorongoro,TZ,-3.2397,35.4875,51.91,95,71,2.95,broken clouds
432,Verkhnyaya Inta,RU,65.9811,60.3094,3.6,95,54,5.99,broken clouds
433,Shantipur,IN,23.25,88.4667,79.02,90,0,9.44,clear sky
434,Roald,NO,62.5833,6.1333,46.76,87,99,18.41,overcast clouds
435,Griffith,US,41.5284,-87.4237,59.31,89,100,8.05,mist
436,Biak,ID,-0.9131,122.8766,80.15,77,100,2.68,overcast clouds
437,Sena Madureira,BR,-9.0656,-68.6569,75.45,89,93,2.84,overcast clouds
438,Cedar City,US,37.6775,-113.0619,43.39,75,100,12.66,overcast clouds
439,Bolama,GW,11.5833,-15.4667,75.54,80,79,11.7,broken clouds
440,Abu Samrah,SY,35.3029,37.1841,64.22,19,46,4.63,scattered clouds
441,Evensk,RU,61.95,159.2333,24.78,75,83,1.92,broken clouds
442,Mount Darwin,ZW,-16.7725,31.5838,61.3,99,15,1.43,few clouds
443,Aykhal,RU,66.0,111.5,11.44,91,100,5.73,overcast clouds
444,Ilebo,CD,-4.3167,20.5833,72.46,97,99,1.5,moderate rain
445,Oktyabrskiy,RU,54.4815,53.471,34.93,73,2,4.38,clear sky
446,Vaitape,PF,-16.5167,-151.75,79.79,72,89,7.31,light rain
447,Lozuvatka,UA,48.0571,33.2858,45.68,72,71,8.9,broken clouds
448,Moses Lake,US,47.1301,-119.2781,62.96,27,0,8.05,clear sky
449,Harindanga,IN,22.0383,88.3214,81.03,86,8,11.83,clear sky
450,Pedreiras,BR,-4.5688,-44.6003,74.01,96,83,1.81,broken clouds
451,Panguna,PG,-6.3164,155.4848,73.36,85,100,2.48,overcast clouds
452,Kieta,PG,-6.2167,155.6333,80.38,81,100,0.81,overcast clouds
453,Lumeje,AO,-11.55,20.7833,61.63,73,89,4.85,overcast clouds
454,Tual,ID,-5.6667,132.75,83.93,69,84,3.06,broken clouds
455,Chaohu,CN,31.6,117.8667,66.81,86,100,4.81,moderate rain
456,Lorengau,PG,-2.0226,147.2712,84.45,73,86,6.2,overcast clouds
457,Ulaanbaatar,MN,47.9077,106.8832,32.13,74,40,0.0,scattered clouds
458,Buala,SB,-8.145,159.5921,83.39,74,86,5.46,light rain
459,Payakumbuh,ID,-0.2202,100.6308,71.74,96,98,0.89,overcast clouds
460,Cabo San Lucas,MX,22.8909,-109.9124,87.1,34,0,14.97,clear sky
461,Ciro Marina,IT,39.3732,17.126,57.34,76,38,4.47,scattered clouds
462,Batagay-Alyta,RU,67.8006,130.4114,14.85,88,100,3.85,overcast clouds
463,Listvyanskiy,RU,54.4399,83.4984,26.49,55,81,9.35,broken clouds
464,Kuzedeyevo,RU,53.3308,87.2019,28.22,75,100,4.38,overcast clouds
465,Beziers,FR,43.3476,3.219,57.38,82,0,6.91,clear sky
466,Paita,PE,-5.0892,-81.1144,69.89,81,18,17.85,few clouds
467,Warri,NG,5.5167,5.75,77.9,91,86,5.26,overcast clouds
468,Molina,CL,-35.1167,-71.2833,60.53,77,57,3.44,broken clouds
469,Dingle,PH,10.9995,122.6711,82.35,78,42,10.2,scattered clouds
470,Dagana,MR,16.5165,-15.5068,82.8,26,67,16.17,broken clouds
471,Wajir,KE,1.7471,40.0573,77.54,82,100,8.34,overcast clouds
472,Frondenberg,DE,51.4667,7.7667,52.16,84,75,12.66,broken clouds
473,Escondido,US,33.1192,-117.0864,64.29,65,40,13.8,scattered clouds
474,Gonzalez,US,30.5816,-87.2914,75.47,67,0,8.05,clear sky
475,Maniitsoq,GL,65.4167,-52.9,29.28,92,100,4.32,overcast clouds
476,Inuvik,CA,68.3499,-133.7218,34.66,35,0,12.66,clear sky
477,Harlingen,US,26.1906,-97.6961,84.29,50,75,24.16,broken clouds
478,Komsomolskiy,UZ,40.4272,71.7189,57.92,58,5,2.3,clear sky
479,Beruwala,LK,6.4788,79.9828,78.26,85,96,3.36,overcast clouds
480,Sorland,NO,67.667,12.6934,40.98,73,77,16.75,broken clouds
481,Acarau,BR,-2.8856,-40.12,78.12,85,89,8.7,overcast clouds
482,Warmbad,NA,-28.45,18.7333,65.79,54,45,4.83,scattered clouds
483,Mareeba,AU,-17.0,145.4333,72.45,93,100,4.68,light rain
484,Umm Lajj,SA,25.0213,37.2685,78.12,59,37,5.21,scattered clouds
485,Wisch,NL,51.9265,6.4171,53.06,68,37,5.01,scattered clouds
486,Camabatela,AO,-8.1881,15.375,62.26,95,75,1.57,broken clouds
487,Talkha,EG,31.0539,31.3779,54.37,90,61,5.48,broken clouds
488,Churapcha,RU,62.0025,132.4325,30.13,72,97,1.54,overcast clouds
489,Ruangwa,TZ,-10.0667,38.9333,69.73,95,93,0.87,overcast clouds
490,Mandalay,MM,21.9747,96.0836,85.91,42,15,7.36,few clouds
491,Manaus,BR,-3.1019,-60.025,79.3,94,75,5.75,broken clouds
492,Mantua,IT,45.1667,10.7833,54.55,90,96,1.99,overcast clouds
493,Ancud,CL,-41.8697,-73.8203,57.22,94,100,32.32,light rain
494,Srandakan,ID,-7.9386,110.2506,77.9,82,79,3.31,broken clouds
495,Henderson,US,36.0397,-114.9819,72.82,24,0,11.5,clear sky
496,Sandnessjoen,NO,66.0217,12.6316,38.64,87,100,3.0,overcast clouds
497,Avram Iancu,RO,46.3833,22.7833,45.32,98,97,2.01,moderate rain
498,Port Moresby,PG,-9.4431,147.1797,81.82,78,40,3.44,scattered clouds
499,Flinders,AU,-34.5833,150.8552,65.17,88,84,5.99,broken clouds
500,Rochegda,RU,62.8,43.25,34.93,97,100,5.91,overcast clouds
501,Neuquen,AR,-38.9516,-68.0591,58.89,72,0,0.0,light rain
502,Santa Rosa,PH,14.3122,121.1114,85.08,69,11,12.26,few clouds
503,Puerto Madero,MX,14.7208,-92.4215,88.0,66,100,9.22,overcast clouds
504,Mandalgovi,MN,45.7625,106.2708,42.08,44,12,12.28,few clouds
505,Genhe,CN,50.7833,121.5167,37.44,33,100,6.22,overcast clouds
506,Rio Gallegos,AR,-51.6226,-69.2181,46.45,66,0,17.27,clear sky
507,Namatanai,PG,-3.6667,152.4333,84.61,70,87,7.05,light rain
508,Tazovskiy,RU,67.4667,78.7,-5.28,100,65,7.29,broken clouds
509,Kologriv,RU,58.8275,44.3178,39.09,74,38,4.94,scattered clouds
510,San Andres,CO,12.5847,-81.7006,84.22,74,40,10.36,scattered clouds
511,Magistralnyy,RU,56.1725,107.4458,28.2,68,93,2.13,overcast clouds
512,Inta,RU,66.0317,60.1659,2.97,95,53,6.8,broken clouds
513,Opuwo,NA,-18.0607,13.84,63.86,46,4,3.87,clear sky
514,Vestmannaeyjar,IS,63.4427,-20.2734,46.24,85,61,12.62,broken clouds
515,Marsh Harbour,BS,26.5412,-77.0636,73.71,65,75,21.32,broken clouds
516,Dzaoudzi,YT,-12.7887,45.2699,80.49,89,75,5.75,broken clouds
517,Katerini,GR,40.2719,22.5025,55.98,98,38,3.58,scattered clouds
518,Lompoc,US,34.6391,-120.4579,63.79,67,40,21.85,scattered clouds
519,Palmas,BR,-10.2128,-48.3603,75.07,100,40,0.0,scattered clouds
520,Teknaf,BD,20.8624,92.3058,78.57,85,2,1.5,clear sky
521,Hudiksvall,SE,61.729,17.1036,39.76,76,81,10.54,broken clouds
522,Acapulco,MX,16.8634,-99.8901,85.82,66,40,9.22,scattered clouds
523,Olinda,BR,-8.0089,-34.8553,82.13,78,20,8.05,light rain
524,Kedougou,SN,12.5579,-12.1743,90.59,14,100,4.81,overcast clouds
525,Erdaojiang,CN,41.7764,126.0319,55.02,29,1,9.24,clear sky
526,Labytnangi,RU,66.6572,66.4183,-6.16,94,100,3.27,overcast clouds
527,Kitimat,CA,54.0524,-128.6534,57.58,63,100,1.01,overcast clouds
528,Farafangana,MG,-22.8167,47.8333,73.81,92,99,5.37,moderate rain
529,Ocos,GT,14.5094,-92.1933,87.98,67,15,8.86,few clouds
530,Gugesti,RO,45.5667,27.1333,48.83,86,83,6.46,broken clouds
531,Koupela,BF,12.1794,-0.3517,94.5,27,6,5.7,clear sky
532,Ust-Nera,RU,64.5667,143.2,18.95,88,98,4.34,overcast clouds
533,Pilot Butte,CA,50.4668,-104.4178,35.65,85,100,13.8,overcast clouds
534,Sistranda,NO,63.7256,8.834,40.96,81,100,20.27,overcast clouds
535,Dukat,RU,62.55,155.55,17.6,78,78,2.37,broken clouds
536,Champa,IN,22.05,82.65,80.2,31,16,5.95,few clouds
537,Sur,OM,22.5667,59.5289,85.1,41,97,11.92,overcast clouds
538,Celestun,MX,20.8667,-90.4,81.27,67,10,20.13,clear sky
539,Leningradskiy,RU,69.3833,178.4167,20.68,90,38,4.65,scattered clouds
540,Skjervoy,NO,70.0311,20.9714,35.6,71,95,12.64,overcast clouds
541,Havre,FR,49.5833,0.3333,52.2,76,0,10.36,clear sky
542,Sokolo,ML,14.7328,-6.1219,88.29,10,100,13.0,overcast clouds
543,Saint-Lo,FR,49.1162,-1.0903,52.23,88,75,8.46,broken clouds
544,Puerto Escondido,MX,15.85,-97.0667,85.03,70,75,6.91,broken clouds
545,Tramandai,BR,-29.9847,-50.1336,68.83,85,100,3.83,light rain
546,Abha,SA,18.2164,42.5053,62.42,39,20,0.0,few clouds
547,Tukrah,LY,32.5341,20.5791,62.13,82,27,6.06,scattered clouds
548,Mungaa,TZ,-4.9667,34.8833,59.41,88,94,4.45,overcast clouds
549,Maun,BW,-19.9833,23.4167,62.56,77,0,4.61,clear sky
550,Nizhniy Tsasuchey,RU,50.5167,115.1333,31.1,92,100,12.19,snow
551,Tuy Hoa,VN,13.0833,109.3,78.42,79,29,2.55,scattered clouds
552,Pangody,RU,65.85,74.4859,-2.02,99,89,8.59,overcast clouds
553,Lazaro Cardenas,MX,17.9583,-102.2,81.81,58,2,9.26,clear sky
554,Alyangula,AU,-13.8483,136.4192,84.07,79,4,5.75,clear sky
555,Iwanai,JP,42.9744,140.5089,45.14,83,100,16.58,overcast clouds
556,Hopkinsville,US,36.8656,-87.4886,82.44,81,4,8.72,clear sky
557,Pacific Grove,US,36.6177,-121.9166,64.24,73,40,11.5,scattered clouds
558,Brigantine,US,39.4101,-74.3646,59.05,77,78,0.51,broken clouds
559,Aragats,AM,40.4889,44.3528,38.77,54,35,5.35,scattered clouds
560,Izumo,JP,35.3667,132.7667,66.15,72,75,18.41,broken clouds
561,Riyadh,SA,24.6877,46.7219,73.54,15,69,3.58,broken clouds
562,Lamu,KE,-2.2717,40.902,80.31,78,26,9.4,scattered clouds
563,Tchollire,CM,8.4022,14.1698,82.67,51,38,2.64,scattered clouds
564,San Carlos Del Zulia,VE,9.0,-71.9135,74.82,87,60,5.57,broken clouds
565,Tembisa,ZA,-25.9964,28.2268,57.29,92,14,2.53,few clouds
566,San Carlos De Bariloche,AR,-41.1456,-71.3082,46.15,76,75,41.43,broken clouds
567,Bethel,US,41.3712,-73.414,62.69,27,0,10.36,clear sky
568,College,US,64.8569,-147.8028,49.95,32,75,4.61,broken clouds
569,Trinidad,BO,-14.8333,-64.9,82.38,83,75,4.61,broken clouds
570,Kushima,JP,31.4583,131.2333,68.5,66,100,3.06,overcast clouds
571,Tombouctou,ML,20.0,-3.0,78.12,9,19,10.85,few clouds
572,Yining,CN,29.0361,114.5636,70.11,90,77,1.01,broken clouds
573,Plettenberg Bay,ZA,-34.0527,23.3716,59.95,78,100,2.35,overcast clouds
574,Saqqez,IR,36.2499,46.2735,47.53,39,5,2.19,clear sky
575,Kango,GA,0.1943,10.0951,75.0,98,99,0.58,overcast clouds
576,Heihe,CN,50.2441,127.4902,43.38,38,54,1.7,broken clouds
577,Concepcion,CL,-36.827,-73.0498,55.2,100,75,5.75,broken clouds
578,Cariati,IT,39.4922,16.9594,56.77,76,51,4.81,broken clouds
579,Kudat,MY,6.8837,116.8477,82.33,89,20,3.44,few clouds
580,Andrews,US,32.3187,-102.5457,87.06,43,69,36.93,broken clouds
581,Muroto,JP,33.2833,134.15,66.33,67,90,1.95,overcast clouds
582,Avera,US,33.194,-82.5271,78.85,68,9,5.41,clear sky
583,Copiapo,CL,-27.3667,-70.3333,55.09,66,16,1.63,few clouds
584,Auki,SB,-8.7676,160.7034,83.41,74,92,3.42,overcast clouds
585,Galesong,ID,-5.3166,119.3661,75.22,78,84,2.82,broken clouds
586,Svetlogorsk,BY,52.6333,29.7333,44.67,93,100,10.29,overcast clouds
587,Barra Da Estiva,BR,-13.6261,-41.3269,65.43,87,45,4.41,scattered clouds
588,Jinxiang,CN,27.4327,120.6062,67.62,95,99,2.3,overcast clouds
589,Lakes Entrance,AU,-37.8811,147.981,57.16,63,0,2.77,clear sky
590,Morrope,PE,-6.5417,-80.0111,66.31,79,53,16.02,broken clouds
591,Manzhouli,CN,49.6,117.4333,33.19,94,100,15.59,light snow
592,Cuenca,EC,-2.8833,-78.9833,59.13,82,75,12.66,broken clouds
593,Anadyr,RU,64.75,177.4833,30.7,86,40,2.24,scattered clouds
594,Alta Floresta,BR,-9.8756,-56.0861,72.1,96,80,2.91,broken clouds
595,Pingliang,CN,35.5392,106.6861,57.18,45,76,2.35,broken clouds
596,Yanam,IN,16.7333,82.2167,76.33,97,13,3.42,few clouds
597,Eraclea,IT,45.5806,12.6756,54.45,93,96,3.62,overcast clouds
598,La Sarre,CA,48.8002,-79.1996,30.52,81,72,4.83,broken clouds
599,Sao Fidelis,BR,-21.6461,-41.7469,72.86,83,0,1.41,clear sky
600,El Vigia,VE,8.6219,-71.6506,75.38,93,75,1.86,broken clouds
601,Waiouru,NZ,-39.4833,175.6667,50.92,47,7,5.23,clear sky
602,Jacqueville,CI,5.2052,-4.4146,81.07,84,29,11.34,scattered clouds
603,Russell,US,32.3502,-85.1999,80.2,41,0,9.22,clear sky
604,Los Llanos De Aridane,ES,28.6585,-17.9182,60.55,90,100,4.61,overcast clouds
605,Huntingdon,GB,52.3305,-0.1865,48.79,88,38,5.01,scattered clouds
606,Abu Zabad,SD,12.35,29.25,81.81,17,91,2.55,overcast clouds
607,Udala,ES,43.0778,-2.5125,49.69,83,89,7.11,overcast clouds
608,Palana,RU,59.1167,159.9667,24.01,77,24,6.64,few clouds
609,Watertown,US,42.3709,-71.1828,60.66,35,20,14.97,few clouds
610,Boende,CD,-0.2167,20.8667,71.42,97,79,1.14,broken clouds
611,Viedma,AR,-40.8135,-62.9967,50.5,59,26,7.94,scattered clouds
612,Chebsara,RU,59.2002,38.8356,42.66,90,100,2.53,overcast clouds
613,Butka,RU,56.7179,63.7866,26.44,77,9,3.58,clear sky
614,Ahipara,NZ,-35.1667,173.1667,66.38,56,70,15.59,broken clouds
615,Kawalu,ID,-7.3817,108.2082,75.0,91,91,2.37,overcast clouds
616,Severobaykalsk,RU,55.65,109.3167,24.22,64,94,2.15,overcast clouds
617,Sao Jose Da Coroa Grande,BR,-8.8978,-35.1478,78.37,84,18,7.43,few clouds
618,Pierre,US,44.3683,-100.351,77.92,50,0,18.41,clear sky
619,Cody,US,44.5263,-109.0565,40.59,90,100,13.0,moderate rain
620,San Cristobal,VE,7.7669,-72.225,73.58,90,54,3.31,broken clouds
621,Putina,PE,-15.4667,-69.4333,46.99,64,53,6.13,broken clouds
622,Nantucket,US,41.2835,-70.0995,59.05,59,0,10.36,clear sky
623,Sobolevo,RU,54.4299,31.8996,42.21,89,90,7.47,overcast clouds
624,Luganville,VU,-15.5333,167.1667,79.63,88,96,6.35,light rain
625,Salvador,SV,13.8333,-88.9167,78.84,70,99,1.45,overcast clouds
626,Ishigaki,JP,24.3448,124.1572,77.13,100,75,13.8,broken clouds
627,Tokur,RU,53.1333,132.9,29.84,69,84,2.3,broken clouds
628,Saint-Joseph,RE,-21.3667,55.6167,75.58,80,62,16.53,light rain
629,Hovd,MN,48.0056,91.6419,40.35,37,22,3.69,few clouds
630,Chapada Dos Guimaraes,BR,-15.4606,-55.7497,74.86,70,29,4.43,scattered clouds
631,Temiscaming,CA,46.7212,-79.0971,47.75,31,30,3.44,scattered clouds
632,Rumford,US,44.5537,-70.5509,50.83,61,46,9.71,scattered clouds
633,Aktash,RU,50.3,87.7333,16.09,74,35,3.96,scattered clouds
634,Lanzhou,CN,36.0564,103.7922,60.37,43,42,1.05,scattered clouds
635,Miles City,US,46.4083,-105.8406,43.77,81,100,14.97,overcast clouds
636,Christchurch,NZ,-43.5333,172.6333,59.41,58,76,5.75,broken clouds
637,Indaparapeo,MX,19.7833,-100.9667,84.88,17,40,6.91,scattered clouds
638,Kingaroy,AU,-26.5333,151.8333,62.64,88,40,13.8,scattered clouds
639,Salalah,OM,17.0151,54.0924,80.69,83,20,1.14,few clouds
640,Tokonou,GN,9.65,-9.7833,82.13,46,93,6.51,overcast clouds
641,Nyandoma,RU,61.669,40.1991,32.07,90,79,7.11,broken clouds
642,West Bay,KY,19.3667,-81.4167,82.47,79,40,14.97,scattered clouds
643,Te Anau,NZ,-45.4167,167.7167,56.48,63,57,7.45,broken clouds
644,Pinega,RU,64.7001,43.3936,33.08,99,100,3.22,light snow
645,Rorvik,NO,64.8621,11.2373,42.04,83,96,9.15,overcast clouds
646,Marsabit,KE,2.3284,37.9899,65.53,85,95,7.34,overcast clouds
647,Mayskiy,RU,47.6931,40.1025,44.01,85,37,5.39,scattered clouds
648,Knysna,ZA,-34.0363,23.0471,59.52,84,97,1.5,overcast clouds
649,Westerland,DE,54.9079,8.3033,48.22,76,1,19.57,clear sky
650,Lillesand,NO,58.2488,8.3778,44.64,70,4,6.91,clear sky
651,Port Macquarie,AU,-31.4333,152.9167,64.29,94,75,4.61,broken clouds
652,Virginia Beach,US,36.8529,-75.978,69.87,66,40,8.05,scattered clouds
653,Khasan,RU,42.4308,130.6434,50.59,52,2,5.91,clear sky
654,Mnogovershinnyy,RU,53.9353,139.9242,27.05,88,100,5.95,light snow
655,Dunkirk,FR,51.05,2.3667,55.0,82,67,14.58,broken clouds
656,Umm Kaddadah,SD,13.6017,26.6876,80.55,13,6,11.12,clear sky
657,Una,IN,20.8167,71.0333,85.62,30,21,6.44,few clouds
658,Melo,UY,-32.3667,-54.1833,53.83,95,94,5.68,moderate rain
659,Benguela,AO,-12.5763,13.4055,75.15,90,65,3.42,broken clouds
660,Namibe,AO,-15.1961,12.1522,72.28,81,50,5.77,scattered clouds
661,Abu Dhabi,AE,24.4667,54.3667,78.91,71,0,2.3,clear sky
662,Ulladulla,AU,-35.35,150.4667,61.7,84,91,3.69,overcast clouds
663,La Plata,AR,-34.9215,-57.9545,56.82,53,45,10.78,scattered clouds
664,Labuhan,ID,-6.8844,112.2051,80.44,85,55,4.97,broken clouds
665,Surovikino,RU,48.6078,42.8486,46.22,89,90,9.82,overcast clouds
666,Ornes,NO,66.8689,13.7078,37.69,87,98,7.81,overcast clouds
667,Turkistan,KZ,43.0,68.0,70.02,40,79,3.29,broken clouds
668,Mackay,AU,-21.15,149.2,73.69,94,40,12.66,scattered clouds
669,Ivdel,RU,60.6911,60.4206,21.94,96,98,2.66,overcast clouds
670,Ca Mau,VN,9.1769,105.15,82.44,77,15,5.32,few clouds
671,Nakamura,JP,32.9833,132.9333,71.67,55,100,2.62,light rain
672,San-Pedro,CI,4.7485,-6.6363,78.8,85,86,4.45,overcast clouds
673,Remanso,BR,-9.6179,-42.0831,82.02,57,55,10.0,broken clouds
674,Zdvinsk,RU,54.7021,78.661,27.39,54,30,7.16,scattered clouds
675,Maraba,BR,-5.3686,-49.1178,72.68,98,92,0.94,overcast clouds
676,Smithers,CA,54.7804,-127.1743,52.12,37,100,10.36,overcast clouds
677,Kiama,AU,-34.6833,150.8667,66.0,92,86,3.0,overcast clouds
678,Orissaare,EE,58.5592,23.0826,48.96,76,100,7.67,overcast clouds
679,Frontera,MX,26.9333,-101.45,94.32,34,6,5.99,clear sky
680,Cabedelo,BR,-6.9811,-34.8339,79.47,83,89,10.31,overcast clouds
681,Salinas,US,36.6777,-121.6555,64.42,60,0,17.27,clear sky
682,Key West,US,24.5557,-81.7826,82.4,69,0,17.27,clear sky
683,Mezen,RU,65.8522,44.24,32.5,99,100,8.37,snow
684,Gornorechenskiy,RU,44.2624,135.1133,49.98,38,13,14.67,few clouds
685,Zabaykalsk,RU,49.6333,117.3167,32.61,93,100,16.93,snow
686,Rahden,DE,52.4333,8.6167,53.85,78,22,12.66,few clouds
687,Noyabrsk,RU,63.1994,75.4507,2.26,96,96,13.38,overcast clouds
688,Baghmara,IN,23.795,86.2085,81.9,27,5,2.42,clear sky
689,Omsk,RU,55.0,73.4,28.29,54,0,8.99,clear sky
690,Nancha,CN,47.1333,129.2667,52.45,31,65,5.35,broken clouds
691,Tabas,IR,33.5959,56.9244,82.62,20,100,4.61,overcast clouds
692,Charters Towers,AU,-20.1,146.2667,69.96,86,100,13.44,overcast clouds
693,Antofagasta,CL,-23.65,-70.4,61.88,85,42,6.2,scattered clouds
694,Agadir,MA,30.4202,-9.5982,57.65,78,2,5.14,clear sky
695,Saint-Pierre,RE,-21.3393,55.4781,74.88,79,0,28.77,clear sky
696,Debre Tabor,ET,11.85,38.0167,57.16,65,100,2.46,light rain
697,Harper,LR,4.375,-7.7169,78.64,83,44,2.77,scattered clouds
698,Poum,NC,-20.2333,164.0167,77.72,69,57,7.2,broken clouds
699,Odweyne,SO,9.4092,45.064,72.68,58,60,5.23,broken clouds
700,Egvekinot,RU,66.3167,-179.1667,22.77,90,100,3.85,overcast clouds
